{"cameraMode":{"drawMode":0,"name":"Shaded","section":"Shading Mode"},"sceneLighting":false,"audioPlay":false,"sceneViewState":{"m_AlwaysRefresh":false,"showFog":true,"showSkybox":true,"showFlares":true,"showImageEffects":true,"showParticleSystems":true,"showVisualEffectGraphs":true,"m_FxEnabled":true},"in2DMode":false,"pivot":{"x":3.1830718517303469,"y":0.601493775844574,"z":-1.7758188247680665},"rotation":{"x":0.05071800947189331,"y":0.050296418368816379,"z":-0.0025510431732982399,"w":0.9974780082702637},"size":0.3578058183193207,"orthographic":false}