{"cameraMode":{"drawMode":0,"name":"Shaded","section":"Shading Mode"},"sceneLighting":false,"audioPlay":false,"sceneViewState":{"m_AlwaysRefresh":false,"showFog":true,"showSkybox":true,"showFlares":true,"showImageEffects":true,"showParticleSystems":true,"showVisualEffectGraphs":true,"m_FxEnabled":true},"in2DMode":false,"pivot":{"x":-1.160567283630371,"y":0.4851028323173523,"z":0.572418212890625},"rotation":{"x":0.0013005862710997463,"y":0.054854560643434528,"z":-0.00006558076711371541,"w":0.998522937297821},"size":4.166025161743164,"orthographic":false}